INSERT INTO Torneo(id_torneo, nombre) VALUES(1, '2008-2009 Champions League Stats');
INSERT INTO Torneo(id_torneo, nombre) VALUES(2, '2010-2011 Champions League Stats');
INSERT INTO Torneo(id_torneo, nombre) VALUES(3, '2014-2015 Champions League Stats');
INSERT INTO Torneo(id_torneo, nombre) VALUES(4, '2015-2016 Champions League Stats');
INSERT INTO Torneo(id_torneo, nombre) VALUES(5, '2018-2019 Champions League Stats');
INSERT INTO Torneo(id_torneo, nombre) VALUES(6, 'Historia: Juventus 1-3 Barcelona | UEFA Champions League 2014/15 Final | UEFA.com');
INSERT INTO Torneo(id_torneo, nombre) VALUES(7, '2010-2011 Champions League Stats');
INSERT INTO Equipo(id_equipo, nombre, ciudad) VALUES(1, 'Manchester Utd', '');
INSERT INTO Equipo(id_equipo, nombre, ciudad) VALUES(2, 'Arsenal', '');
INSERT INTO Equipo(id_equipo, nombre, ciudad) VALUES(3, 'Barcelona', '');
INSERT INTO Equipo(id_equipo, nombre, ciudad) VALUES(4, 'Chelsea', '');
INSERT INTO Equipo(id_equipo, nombre, ciudad) VALUES(5, 'Bayern Munich', '');
INSERT INTO Equipo(id_equipo, nombre, ciudad) VALUES(6, 'Villarreal', '');
INSERT INTO Equipo(id_equipo, nombre, ciudad) VALUES(7, 'Porto', '');
INSERT INTO Equipo(id_equipo, nombre, ciudad) VALUES(8, 'Liverpool', '');
INSERT INTO Equipo(id_equipo, nombre, ciudad) VALUES(9, 'Sporting CP', '');
INSERT INTO Equipo(id_equipo, nombre, ciudad) VALUES(10, 'Real Madrid', '');
INSERT INTO Equipo(id_equipo, nombre, ciudad) VALUES(11, 'Roma', '');
INSERT INTO Equipo(id_equipo, nombre, ciudad) VALUES(12, 'Lyon', '');
INSERT INTO Equipo(id_equipo, nombre, ciudad) VALUES(13, 'Inter', '');
INSERT INTO Equipo(id_equipo, nombre, ciudad) VALUES(14, 'Atlético Madrid', '');
INSERT INTO Equipo(id_equipo, nombre, ciudad) VALUES(15, 'Juventus', '');
INSERT INTO Equipo(id_equipo, nombre, ciudad) VALUES(16, 'Panathinaikos', '');
INSERT INTO Equipo(id_equipo, nombre, ciudad) VALUES(17, 'Schalke 04', '');
INSERT INTO Equipo(id_equipo, nombre, ciudad) VALUES(18, 'Tottenham Hotspur', '');
INSERT INTO Equipo(id_equipo, nombre, ciudad) VALUES(19, 'Shakhtar Donetsk', '');
INSERT INTO Equipo(id_equipo, nombre, ciudad) VALUES(20, 'FC Copenhagen', '');
INSERT INTO Equipo(id_equipo, nombre, ciudad) VALUES(21, 'Marseille', '');
INSERT INTO Equipo(id_equipo, nombre, ciudad) VALUES(22, 'Milan', '');
INSERT INTO Equipo(id_equipo, nombre, ciudad) VALUES(23, 'Valencia', '');
INSERT INTO Equipo(id_equipo, nombre, ciudad) VALUES(24, 'Paris Saint-Germain', '');
INSERT INTO Equipo(id_equipo, nombre, ciudad) VALUES(25, 'Monaco', '');
INSERT INTO Equipo(id_equipo, nombre, ciudad) VALUES(26, 'Dortmund', '');
INSERT INTO Equipo(id_equipo, nombre, ciudad) VALUES(27, 'Manchester City', '');
INSERT INTO Equipo(id_equipo, nombre, ciudad) VALUES(28, 'Leverkusen', '');
INSERT INTO Equipo(id_equipo, nombre, ciudad) VALUES(29, 'Basel', '');
INSERT INTO Equipo(id_equipo, nombre, ciudad) VALUES(30, 'Wolfsburg', '');
INSERT INTO Equipo(id_equipo, nombre, ciudad) VALUES(31, 'Benfica', '');
INSERT INTO Equipo(id_equipo, nombre, ciudad) VALUES(32, 'Gent', '');
INSERT INTO Equipo(id_equipo, nombre, ciudad) VALUES(33, 'Zenit', '');
INSERT INTO Equipo(id_equipo, nombre, ciudad) VALUES(34, 'Dynamo Kyiv', '');
INSERT INTO Equipo(id_equipo, nombre, ciudad) VALUES(35, 'PSV', '');
INSERT INTO Equipo(id_equipo, nombre, ciudad) VALUES(36, 'Ajax', '');
INSERT INTO Equipo(id_equipo, nombre, ciudad) VALUES(37, 'AC Milan', '');
INSERT INTO Equipo(id_equipo, nombre, ciudad) VALUES(38, 'FC Barcelona', '');
INSERT INTO Equipo(id_equipo, nombre, ciudad) VALUES(39, 'Inter Milan', '');
INSERT INTO Equipo(id_equipo, nombre, ciudad) VALUES(40, 'Manchester United', '');
INSERT INTO Participa(id_torneo, id_equipo) VALUES(1, 1);
INSERT INTO Participa(id_torneo, id_equipo) VALUES(1, 2);
INSERT INTO Participa(id_torneo, id_equipo) VALUES(1, 3);
INSERT INTO Participa(id_torneo, id_equipo) VALUES(1, 4);
INSERT INTO Participa(id_torneo, id_equipo) VALUES(1, 5);
INSERT INTO Participa(id_torneo, id_equipo) VALUES(1, 6);
INSERT INTO Participa(id_torneo, id_equipo) VALUES(1, 7);
INSERT INTO Participa(id_torneo, id_equipo) VALUES(1, 8);
INSERT INTO Participa(id_torneo, id_equipo) VALUES(1, 9);
INSERT INTO Participa(id_torneo, id_equipo) VALUES(1, 10);
INSERT INTO Participa(id_torneo, id_equipo) VALUES(1, 11);
INSERT INTO Participa(id_torneo, id_equipo) VALUES(1, 12);
INSERT INTO Participa(id_torneo, id_equipo) VALUES(1, 13);
INSERT INTO Participa(id_torneo, id_equipo) VALUES(1, 14);
INSERT INTO Participa(id_torneo, id_equipo) VALUES(1, 15);
INSERT INTO Participa(id_torneo, id_equipo) VALUES(1, 16);
INSERT INTO Participa(id_torneo, id_equipo) VALUES(2, 17);
INSERT INTO Participa(id_torneo, id_equipo) VALUES(2, 18);
INSERT INTO Participa(id_torneo, id_equipo) VALUES(2, 19);
INSERT INTO Participa(id_torneo, id_equipo) VALUES(2, 20);
INSERT INTO Participa(id_torneo, id_equipo) VALUES(2, 21);
INSERT INTO Participa(id_torneo, id_equipo) VALUES(2, 22);
INSERT INTO Participa(id_torneo, id_equipo) VALUES(2, 23);
INSERT INTO Participa(id_torneo, id_equipo) VALUES(3, 24);
INSERT INTO Participa(id_torneo, id_equipo) VALUES(3, 25);
INSERT INTO Participa(id_torneo, id_equipo) VALUES(3, 26);
INSERT INTO Participa(id_torneo, id_equipo) VALUES(3, 27);
INSERT INTO Participa(id_torneo, id_equipo) VALUES(3, 28);
INSERT INTO Participa(id_torneo, id_equipo) VALUES(3, 29);
INSERT INTO Participa(id_torneo, id_equipo) VALUES(4, 30);
INSERT INTO Participa(id_torneo, id_equipo) VALUES(4, 31);
INSERT INTO Participa(id_torneo, id_equipo) VALUES(4, 32);
INSERT INTO Participa(id_torneo, id_equipo) VALUES(4, 33);
INSERT INTO Participa(id_torneo, id_equipo) VALUES(4, 34);
INSERT INTO Participa(id_torneo, id_equipo) VALUES(4, 35);
INSERT INTO Participa(id_torneo, id_equipo) VALUES(5, 36);
INSERT INTO Participa(id_torneo, id_equipo) VALUES(7, 2);
INSERT INTO Participa(id_torneo, id_equipo) VALUES(7, 4);
INSERT INTO Participa(id_torneo, id_equipo) VALUES(7, 5);
INSERT INTO Participa(id_torneo, id_equipo) VALUES(7, 10);
INSERT INTO Participa(id_torneo, id_equipo) VALUES(7, 37);
INSERT INTO Participa(id_torneo, id_equipo) VALUES(7, 38);
INSERT INTO Participa(id_torneo, id_equipo) VALUES(7, 39);
INSERT INTO Participa(id_torneo, id_equipo) VALUES(7, 40);
INSERT INTO Partido(id_partido, fecha, marcador_local, marcador_visitante, lugar, id_torneo, id_equipo_local, id_equipo_visitante) VALUES(1, '2008-04-29', 1, 0, '', 1, 1, 2);
INSERT INTO Partido(id_partido, fecha, marcador_local, marcador_visitante, lugar, id_torneo, id_equipo_local, id_equipo_visitante) VALUES(2, '2008-05-05', 1, 3, '', 1, 2, 1);
INSERT INTO Partido(id_partido, fecha, marcador_local, marcador_visitante, lugar, id_torneo, id_equipo_local, id_equipo_visitante) VALUES(3, '2008-04-28', 0, 0, '', 1, 3, 4);
INSERT INTO Partido(id_partido, fecha, marcador_local, marcador_visitante, lugar, id_torneo, id_equipo_local, id_equipo_visitante) VALUES(4, '2008-05-06', 1, 1, '', 1, 4, 3);
INSERT INTO Partido(id_partido, fecha, marcador_local, marcador_visitante, lugar, id_torneo, id_equipo_local, id_equipo_visitante) VALUES(5, '2008-04-08', 4, 0, '', 1, 3, 5);
INSERT INTO Partido(id_partido, fecha, marcador_local, marcador_visitante, lugar, id_torneo, id_equipo_local, id_equipo_visitante) VALUES(6, '2008-04-14', 1, 1, '', 1, 5, 3);
INSERT INTO Partido(id_partido, fecha, marcador_local, marcador_visitante, lugar, id_torneo, id_equipo_local, id_equipo_visitante) VALUES(7, '2008-04-07', 1, 1, '', 1, 6, 2);
INSERT INTO Partido(id_partido, fecha, marcador_local, marcador_visitante, lugar, id_torneo, id_equipo_local, id_equipo_visitante) VALUES(8, '2008-04-15', 3, 0, '', 1, 2, 6);
INSERT INTO Partido(id_partido, fecha, marcador_local, marcador_visitante, lugar, id_torneo, id_equipo_local, id_equipo_visitante) VALUES(9, '2008-04-07', 2, 2, '', 1, 1, 7);
INSERT INTO Partido(id_partido, fecha, marcador_local, marcador_visitante, lugar, id_torneo, id_equipo_local, id_equipo_visitante) VALUES(10, '2008-04-15', 0, 1, '', 1, 7, 1);
INSERT INTO Partido(id_partido, fecha, marcador_local, marcador_visitante, lugar, id_torneo, id_equipo_local, id_equipo_visitante) VALUES(11, '2008-04-08', 1, 3, '', 1, 8, 4);
INSERT INTO Partido(id_partido, fecha, marcador_local, marcador_visitante, lugar, id_torneo, id_equipo_local, id_equipo_visitante) VALUES(12, '2008-04-14', 4, 4, '', 1, 4, 8);
INSERT INTO Partido(id_partido, fecha, marcador_local, marcador_visitante, lugar, id_torneo, id_equipo_local, id_equipo_visitante) VALUES(13, '2008-02-25', 0, 5, '', 1, 9, 5);
INSERT INTO Partido(id_partido, fecha, marcador_local, marcador_visitante, lugar, id_torneo, id_equipo_local, id_equipo_visitante) VALUES(14, '2008-03-10', 7, 1, '', 1, 5, 9);
INSERT INTO Partido(id_partido, fecha, marcador_local, marcador_visitante, lugar, id_torneo, id_equipo_local, id_equipo_visitante) VALUES(15, '2008-02-25', 0, 1, '', 1, 10, 8);
INSERT INTO Partido(id_partido, fecha, marcador_local, marcador_visitante, lugar, id_torneo, id_equipo_local, id_equipo_visitante) VALUES(16, '2008-03-10', 4, 0, '', 1, 8, 10);
INSERT INTO Partido(id_partido, fecha, marcador_local, marcador_visitante, lugar, id_torneo, id_equipo_local, id_equipo_visitante) VALUES(17, '2008-02-24', 1, 0, '', 1, 2, 11);
INSERT INTO Partido(id_partido, fecha, marcador_local, marcador_visitante, lugar, id_torneo, id_equipo_local, id_equipo_visitante) VALUES(18, '2008-03-11', 1, 0, '', 1, 11, 2);
INSERT INTO Partido(id_partido, fecha, marcador_local, marcador_visitante, lugar, id_torneo, id_equipo_local, id_equipo_visitante) VALUES(19, '2008-02-24', 1, 1, '', 1, 12, 3);
INSERT INTO Partido(id_partido, fecha, marcador_local, marcador_visitante, lugar, id_torneo, id_equipo_local, id_equipo_visitante) VALUES(20, '2008-03-11', 5, 2, '', 1, 3, 12);
INSERT INTO Partido(id_partido, fecha, marcador_local, marcador_visitante, lugar, id_torneo, id_equipo_local, id_equipo_visitante) VALUES(21, '2008-02-24', 0, 0, '', 1, 13, 1);
INSERT INTO Partido(id_partido, fecha, marcador_local, marcador_visitante, lugar, id_torneo, id_equipo_local, id_equipo_visitante) VALUES(22, '2008-03-11', 2, 0, '', 1, 1, 13);
INSERT INTO Partido(id_partido, fecha, marcador_local, marcador_visitante, lugar, id_torneo, id_equipo_local, id_equipo_visitante) VALUES(23, '2008-02-24', 2, 2, '', 1, 14, 7);
INSERT INTO Partido(id_partido, fecha, marcador_local, marcador_visitante, lugar, id_torneo, id_equipo_local, id_equipo_visitante) VALUES(24, '2008-03-11', 0, 0, '', 1, 7, 14);
INSERT INTO Partido(id_partido, fecha, marcador_local, marcador_visitante, lugar, id_torneo, id_equipo_local, id_equipo_visitante) VALUES(25, '2008-02-25', 1, 0, '', 1, 4, 15);
INSERT INTO Partido(id_partido, fecha, marcador_local, marcador_visitante, lugar, id_torneo, id_equipo_local, id_equipo_visitante) VALUES(26, '2008-03-10', 2, 2, '', 1, 15, 4);
INSERT INTO Partido(id_partido, fecha, marcador_local, marcador_visitante, lugar, id_torneo, id_equipo_local, id_equipo_visitante) VALUES(27, '2008-02-25', 1, 1, '', 1, 6, 16);
INSERT INTO Partido(id_partido, fecha, marcador_local, marcador_visitante, lugar, id_torneo, id_equipo_local, id_equipo_visitante) VALUES(28, '2008-03-10', 1, 2, '', 1, 16, 6);
INSERT INTO Partido(id_partido, fecha, marcador_local, marcador_visitante, lugar, id_torneo, id_equipo_local, id_equipo_visitante) VALUES(29, '2009-05-27', 2, 0, '', 1, 3, 1);
INSERT INTO Partido(id_partido, fecha, marcador_local, marcador_visitante, lugar, id_torneo, id_equipo_local, id_equipo_visitante) VALUES(30, '2010-04-27', 0, 2, '', 2, 10, 3);
INSERT INTO Partido(id_partido, fecha, marcador_local, marcador_visitante, lugar, id_torneo, id_equipo_local, id_equipo_visitante) VALUES(31, '2010-05-03', 1, 1, '', 2, 3, 10);
INSERT INTO Partido(id_partido, fecha, marcador_local, marcador_visitante, lugar, id_torneo, id_equipo_local, id_equipo_visitante) VALUES(32, '2010-04-26', 0, 2, '', 2, 17, 1);
INSERT INTO Partido(id_partido, fecha, marcador_local, marcador_visitante, lugar, id_torneo, id_equipo_local, id_equipo_visitante) VALUES(33, '2010-05-04', 4, 1, '', 2, 1, 17);
INSERT INTO Partido(id_partido, fecha, marcador_local, marcador_visitante, lugar, id_torneo, id_equipo_local, id_equipo_visitante) VALUES(34, '2010-04-05', 4, 0, '', 2, 10, 18);
INSERT INTO Partido(id_partido, fecha, marcador_local, marcador_visitante, lugar, id_torneo, id_equipo_local, id_equipo_visitante) VALUES(35, '2010-04-13', 0, 1, '', 2, 18, 10);
INSERT INTO Partido(id_partido, fecha, marcador_local, marcador_visitante, lugar, id_torneo, id_equipo_local, id_equipo_visitante) VALUES(36, '2010-04-06', 0, 1, '', 2, 4, 1);
INSERT INTO Partido(id_partido, fecha, marcador_local, marcador_visitante, lugar, id_torneo, id_equipo_local, id_equipo_visitante) VALUES(37, '2010-04-12', 2, 1, '', 2, 1, 4);
INSERT INTO Partido(id_partido, fecha, marcador_local, marcador_visitante, lugar, id_torneo, id_equipo_local, id_equipo_visitante) VALUES(38, '2010-04-05', 2, 5, '', 2, 13, 17);
INSERT INTO Partido(id_partido, fecha, marcador_local, marcador_visitante, lugar, id_torneo, id_equipo_local, id_equipo_visitante) VALUES(39, '2010-04-13', 2, 1, '', 2, 17, 13);
INSERT INTO Partido(id_partido, fecha, marcador_local, marcador_visitante, lugar, id_torneo, id_equipo_local, id_equipo_visitante) VALUES(40, '2010-04-06', 5, 1, '', 2, 3, 19);
INSERT INTO Partido(id_partido, fecha, marcador_local, marcador_visitante, lugar, id_torneo, id_equipo_local, id_equipo_visitante) VALUES(41, '2010-04-12', 0, 1, '', 2, 19, 3);
INSERT INTO Partido(id_partido, fecha, marcador_local, marcador_visitante, lugar, id_torneo, id_equipo_local, id_equipo_visitante) VALUES(42, '2010-02-23', 0, 1, '', 2, 13, 5);
INSERT INTO Partido(id_partido, fecha, marcador_local, marcador_visitante, lugar, id_torneo, id_equipo_local, id_equipo_visitante) VALUES(43, '2010-03-15', 2, 3, '', 2, 5, 13);
INSERT INTO Partido(id_partido, fecha, marcador_local, marcador_visitante, lugar, id_torneo, id_equipo_local, id_equipo_visitante) VALUES(44, '2010-02-22', 0, 2, '', 2, 20, 4);
INSERT INTO Partido(id_partido, fecha, marcador_local, marcador_visitante, lugar, id_torneo, id_equipo_local, id_equipo_visitante) VALUES(45, '2010-03-16', 0, 0, '', 2, 4, 20);
INSERT INTO Partido(id_partido, fecha, marcador_local, marcador_visitante, lugar, id_torneo, id_equipo_local, id_equipo_visitante) VALUES(46, '2010-02-16', 2, 1, '', 2, 2, 3);
INSERT INTO Partido(id_partido, fecha, marcador_local, marcador_visitante, lugar, id_torneo, id_equipo_local, id_equipo_visitante) VALUES(47, '2010-03-08', 3, 1, '', 2, 3, 2);
INSERT INTO Partido(id_partido, fecha, marcador_local, marcador_visitante, lugar, id_torneo, id_equipo_local, id_equipo_visitante) VALUES(48, '2010-02-23', 0, 0, '', 2, 21, 1);
INSERT INTO Partido(id_partido, fecha, marcador_local, marcador_visitante, lugar, id_torneo, id_equipo_local, id_equipo_visitante) VALUES(49, '2010-03-15', 2, 1, '', 2, 1, 21);
INSERT INTO Partido(id_partido, fecha, marcador_local, marcador_visitante, lugar, id_torneo, id_equipo_local, id_equipo_visitante) VALUES(50, '2010-02-16', 2, 3, '', 2, 11, 19);
INSERT INTO Partido(id_partido, fecha, marcador_local, marcador_visitante, lugar, id_torneo, id_equipo_local, id_equipo_visitante) VALUES(51, '2010-03-08', 3, 0, '', 2, 19, 11);
INSERT INTO Partido(id_partido, fecha, marcador_local, marcador_visitante, lugar, id_torneo, id_equipo_local, id_equipo_visitante) VALUES(52, '2010-02-22', 1, 1, '', 2, 12, 10);
INSERT INTO Partido(id_partido, fecha, marcador_local, marcador_visitante, lugar, id_torneo, id_equipo_local, id_equipo_visitante) VALUES(53, '2010-03-16', 3, 0, '', 2, 10, 12);
INSERT INTO Partido(id_partido, fecha, marcador_local, marcador_visitante, lugar, id_torneo, id_equipo_local, id_equipo_visitante) VALUES(54, '2010-02-15', 0, 1, '', 2, 22, 18);
INSERT INTO Partido(id_partido, fecha, marcador_local, marcador_visitante, lugar, id_torneo, id_equipo_local, id_equipo_visitante) VALUES(55, '2010-03-09', 0, 0, '', 2, 18, 22);
INSERT INTO Partido(id_partido, fecha, marcador_local, marcador_visitante, lugar, id_torneo, id_equipo_local, id_equipo_visitante) VALUES(56, '2010-02-15', 1, 1, '', 2, 23, 17);
INSERT INTO Partido(id_partido, fecha, marcador_local, marcador_visitante, lugar, id_torneo, id_equipo_local, id_equipo_visitante) VALUES(57, '2010-03-09', 3, 1, '', 2, 17, 23);
INSERT INTO Partido(id_partido, fecha, marcador_local, marcador_visitante, lugar, id_torneo, id_equipo_local, id_equipo_visitante) VALUES(58, '2011-05-28', 3, 1, '', 2, 3, 1);
INSERT INTO Partido(id_partido, fecha, marcador_local, marcador_visitante, lugar, id_torneo, id_equipo_local, id_equipo_visitante) VALUES(59, '2014-05-06', 3, 0, '', 3, 3, 5);
INSERT INTO Partido(id_partido, fecha, marcador_local, marcador_visitante, lugar, id_torneo, id_equipo_local, id_equipo_visitante) VALUES(60, '2014-05-12', 3, 2, '', 3, 5, 3);
INSERT INTO Partido(id_partido, fecha, marcador_local, marcador_visitante, lugar, id_torneo, id_equipo_local, id_equipo_visitante) VALUES(61, '2014-05-05', 2, 1, '', 3, 15, 10);
INSERT INTO Partido(id_partido, fecha, marcador_local, marcador_visitante, lugar, id_torneo, id_equipo_local, id_equipo_visitante) VALUES(62, '2014-05-13', 1, 1, '', 3, 10, 15);
INSERT INTO Partido(id_partido, fecha, marcador_local, marcador_visitante, lugar, id_torneo, id_equipo_local, id_equipo_visitante) VALUES(63, '2014-04-15', 3, 1, '', 3, 7, 5);
INSERT INTO Partido(id_partido, fecha, marcador_local, marcador_visitante, lugar, id_torneo, id_equipo_local, id_equipo_visitante) VALUES(64, '2014-04-21', 6, 1, '', 3, 5, 7);
INSERT INTO Partido(id_partido, fecha, marcador_local, marcador_visitante, lugar, id_torneo, id_equipo_local, id_equipo_visitante) VALUES(65, '2014-04-14', 0, 0, '', 3, 14, 10);
INSERT INTO Partido(id_partido, fecha, marcador_local, marcador_visitante, lugar, id_torneo, id_equipo_local, id_equipo_visitante) VALUES(66, '2014-04-22', 1, 0, '', 3, 10, 14);
INSERT INTO Partido(id_partido, fecha, marcador_local, marcador_visitante, lugar, id_torneo, id_equipo_local, id_equipo_visitante) VALUES(67, '2014-04-15', 1, 3, '', 3, 24, 3);
INSERT INTO Partido(id_partido, fecha, marcador_local, marcador_visitante, lugar, id_torneo, id_equipo_local, id_equipo_visitante) VALUES(68, '2014-04-21', 2, 0, '', 3, 3, 24);
INSERT INTO Partido(id_partido, fecha, marcador_local, marcador_visitante, lugar, id_torneo, id_equipo_local, id_equipo_visitante) VALUES(69, '2014-04-14', 1, 0, '', 3, 15, 25);
INSERT INTO Partido(id_partido, fecha, marcador_local, marcador_visitante, lugar, id_torneo, id_equipo_local, id_equipo_visitante) VALUES(70, '2014-04-22', 0, 0, '', 3, 25, 15);
INSERT INTO Partido(id_partido, fecha, marcador_local, marcador_visitante, lugar, id_torneo, id_equipo_local, id_equipo_visitante) VALUES(71, '2014-02-25', 1, 3, '', 3, 2, 25);
INSERT INTO Partido(id_partido, fecha, marcador_local, marcador_visitante, lugar, id_torneo, id_equipo_local, id_equipo_visitante) VALUES(72, '2014-03-17', 0, 2, '', 3, 25, 2);
INSERT INTO Partido(id_partido, fecha, marcador_local, marcador_visitante, lugar, id_torneo, id_equipo_local, id_equipo_visitante) VALUES(73, '2014-02-24', 2, 1, '', 3, 15, 26);
INSERT INTO Partido(id_partido, fecha, marcador_local, marcador_visitante, lugar, id_torneo, id_equipo_local, id_equipo_visitante) VALUES(74, '2014-03-18', 0, 3, '', 3, 26, 15);
INSERT INTO Partido(id_partido, fecha, marcador_local, marcador_visitante, lugar, id_torneo, id_equipo_local, id_equipo_visitante) VALUES(75, '2014-02-24', 1, 2, '', 3, 27, 3);
INSERT INTO Partido(id_partido, fecha, marcador_local, marcador_visitante, lugar, id_torneo, id_equipo_local, id_equipo_visitante) VALUES(76, '2014-03-18', 1, 0, '', 3, 3, 27);
INSERT INTO Partido(id_partido, fecha, marcador_local, marcador_visitante, lugar, id_torneo, id_equipo_local, id_equipo_visitante) VALUES(77, '2014-02-18', 0, 2, '', 3, 17, 10);
INSERT INTO Partido(id_partido, fecha, marcador_local, marcador_visitante, lugar, id_torneo, id_equipo_local, id_equipo_visitante) VALUES(78, '2014-03-10', 3, 4, '', 3, 10, 17);
INSERT INTO Partido(id_partido, fecha, marcador_local, marcador_visitante, lugar, id_torneo, id_equipo_local, id_equipo_visitante) VALUES(79, '2014-02-25', 1, 0, '', 3, 28, 14);
INSERT INTO Partido(id_partido, fecha, marcador_local, marcador_visitante, lugar, id_torneo, id_equipo_local, id_equipo_visitante) VALUES(80, '2014-03-17', 1, 0, '', 3, 14, 28);
INSERT INTO Partido(id_partido, fecha, marcador_local, marcador_visitante, lugar, id_torneo, id_equipo_local, id_equipo_visitante) VALUES(81, '2014-02-17', 1, 1, '', 3, 24, 4);
INSERT INTO Partido(id_partido, fecha, marcador_local, marcador_visitante, lugar, id_torneo, id_equipo_local, id_equipo_visitante) VALUES(82, '2014-03-11', 2, 2, '', 3, 4, 24);
INSERT INTO Partido(id_partido, fecha, marcador_local, marcador_visitante, lugar, id_torneo, id_equipo_local, id_equipo_visitante) VALUES(83, '2014-02-18', 1, 1, '', 3, 29, 7);
INSERT INTO Partido(id_partido, fecha, marcador_local, marcador_visitante, lugar, id_torneo, id_equipo_local, id_equipo_visitante) VALUES(84, '2014-03-10', 4, 0, '', 3, 7, 29);
INSERT INTO Partido(id_partido, fecha, marcador_local, marcador_visitante, lugar, id_torneo, id_equipo_local, id_equipo_visitante) VALUES(85, '2014-02-17', 0, 0, '', 3, 19, 5);
INSERT INTO Partido(id_partido, fecha, marcador_local, marcador_visitante, lugar, id_torneo, id_equipo_local, id_equipo_visitante) VALUES(86, '2014-03-11', 7, 0, '', 3, 5, 19);
INSERT INTO Partido(id_partido, fecha, marcador_local, marcador_visitante, lugar, id_torneo, id_equipo_local, id_equipo_visitante) VALUES(87, '2015-06-06', 3, 1, '', 3, 3, 15);
INSERT INTO Partido(id_partido, fecha, marcador_local, marcador_visitante, lugar, id_torneo, id_equipo_local, id_equipo_visitante) VALUES(88, '2015-04-27', 1, 0, '', 4, 14, 5);
INSERT INTO Partido(id_partido, fecha, marcador_local, marcador_visitante, lugar, id_torneo, id_equipo_local, id_equipo_visitante) VALUES(89, '2015-05-03', 2, 1, '', 4, 5, 14);
INSERT INTO Partido(id_partido, fecha, marcador_local, marcador_visitante, lugar, id_torneo, id_equipo_local, id_equipo_visitante) VALUES(90, '2015-04-26', 0, 0, '', 4, 27, 10);
INSERT INTO Partido(id_partido, fecha, marcador_local, marcador_visitante, lugar, id_torneo, id_equipo_local, id_equipo_visitante) VALUES(91, '2015-05-04', 1, 0, '', 4, 10, 27);
INSERT INTO Partido(id_partido, fecha, marcador_local, marcador_visitante, lugar, id_torneo, id_equipo_local, id_equipo_visitante) VALUES(92, '2015-04-05', 2, 1, '', 4, 3, 14);
INSERT INTO Partido(id_partido, fecha, marcador_local, marcador_visitante, lugar, id_torneo, id_equipo_local, id_equipo_visitante) VALUES(93, '2015-04-13', 2, 0, '', 4, 14, 3);
INSERT INTO Partido(id_partido, fecha, marcador_local, marcador_visitante, lugar, id_torneo, id_equipo_local, id_equipo_visitante) VALUES(94, '2015-04-06', 2, 0, '', 4, 30, 10);
INSERT INTO Partido(id_partido, fecha, marcador_local, marcador_visitante, lugar, id_torneo, id_equipo_local, id_equipo_visitante) VALUES(95, '2015-04-12', 3, 0, '', 4, 10, 30);
INSERT INTO Partido(id_partido, fecha, marcador_local, marcador_visitante, lugar, id_torneo, id_equipo_local, id_equipo_visitante) VALUES(96, '2015-04-05', 1, 0, '', 4, 5, 31);
INSERT INTO Partido(id_partido, fecha, marcador_local, marcador_visitante, lugar, id_torneo, id_equipo_local, id_equipo_visitante) VALUES(97, '2015-04-13', 2, 2, '', 4, 31, 5);
INSERT INTO Partido(id_partido, fecha, marcador_local, marcador_visitante, lugar, id_torneo, id_equipo_local, id_equipo_visitante) VALUES(98, '2015-04-06', 2, 2, '', 4, 24, 27);
INSERT INTO Partido(id_partido, fecha, marcador_local, marcador_visitante, lugar, id_torneo, id_equipo_local, id_equipo_visitante) VALUES(99, '2015-04-12', 1, 0, '', 4, 27, 24);
INSERT INTO Partido(id_partido, fecha, marcador_local, marcador_visitante, lugar, id_torneo, id_equipo_local, id_equipo_visitante) VALUES(100, '2015-02-23', 0, 2, '', 4, 2, 3);
INSERT INTO Partido(id_partido, fecha, marcador_local, marcador_visitante, lugar, id_torneo, id_equipo_local, id_equipo_visitante) VALUES(101, '2015-03-16', 3, 1, '', 4, 3, 2);
INSERT INTO Partido(id_partido, fecha, marcador_local, marcador_visitante, lugar, id_torneo, id_equipo_local, id_equipo_visitante) VALUES(102, '2015-02-17', 2, 3, '', 4, 32, 30);
INSERT INTO Partido(id_partido, fecha, marcador_local, marcador_visitante, lugar, id_torneo, id_equipo_local, id_equipo_visitante) VALUES(103, '2015-03-08', 1, 0, '', 4, 30, 32);
INSERT INTO Partido(id_partido, fecha, marcador_local, marcador_visitante, lugar, id_torneo, id_equipo_local, id_equipo_visitante) VALUES(104, '2015-02-16', 1, 0, '', 4, 31, 33);
INSERT INTO Partido(id_partido, fecha, marcador_local, marcador_visitante, lugar, id_torneo, id_equipo_local, id_equipo_visitante) VALUES(105, '2015-03-09', 1, 2, '', 4, 33, 31);
INSERT INTO Partido(id_partido, fecha, marcador_local, marcador_visitante, lugar, id_torneo, id_equipo_local, id_equipo_visitante) VALUES(106, '2015-02-24', 1, 3, '', 4, 34, 27);
INSERT INTO Partido(id_partido, fecha, marcador_local, marcador_visitante, lugar, id_torneo, id_equipo_local, id_equipo_visitante) VALUES(107, '2015-03-15', 0, 0, '', 4, 27, 34);
INSERT INTO Partido(id_partido, fecha, marcador_local, marcador_visitante, lugar, id_torneo, id_equipo_local, id_equipo_visitante) VALUES(108, '2015-02-17', 0, 2, '', 4, 11, 10);
INSERT INTO Partido(id_partido, fecha, marcador_local, marcador_visitante, lugar, id_torneo, id_equipo_local, id_equipo_visitante) VALUES(109, '2015-03-08', 2, 0, '', 4, 10, 11);
INSERT INTO Partido(id_partido, fecha, marcador_local, marcador_visitante, lugar, id_torneo, id_equipo_local, id_equipo_visitante) VALUES(110, '2015-02-16', 2, 1, '', 4, 24, 4);
INSERT INTO Partido(id_partido, fecha, marcador_local, marcador_visitante, lugar, id_torneo, id_equipo_local, id_equipo_visitante) VALUES(111, '2015-03-09', 1, 2, '', 4, 4, 24);
INSERT INTO Partido(id_partido, fecha, marcador_local, marcador_visitante, lugar, id_torneo, id_equipo_local, id_equipo_visitante) VALUES(112, '2015-02-23', 2, 2, '', 4, 15, 5);
INSERT INTO Partido(id_partido, fecha, marcador_local, marcador_visitante, lugar, id_torneo, id_equipo_local, id_equipo_visitante) VALUES(113, '2015-03-16', 4, 2, '', 4, 5, 15);
INSERT INTO Partido(id_partido, fecha, marcador_local, marcador_visitante, lugar, id_torneo, id_equipo_local, id_equipo_visitante) VALUES(114, '2015-02-24', 0, 0, '', 4, 35, 14);
INSERT INTO Partido(id_partido, fecha, marcador_local, marcador_visitante, lugar, id_torneo, id_equipo_local, id_equipo_visitante) VALUES(115, '2015-03-15', 0, 0, '', 4, 14, 35);
INSERT INTO Partido(id_partido, fecha, marcador_local, marcador_visitante, lugar, id_torneo, id_equipo_local, id_equipo_visitante) VALUES(116, '2016-05-28', 1, 1, '', 4, 10, 14);
INSERT INTO Partido(id_partido, fecha, marcador_local, marcador_visitante, lugar, id_torneo, id_equipo_local, id_equipo_visitante) VALUES(117, '2018-04-30', 0, 1, '', 5, 18, 36);
INSERT INTO Partido(id_partido, fecha, marcador_local, marcador_visitante, lugar, id_torneo, id_equipo_local, id_equipo_visitante) VALUES(118, '2018-05-08', 2, 3, '', 5, 36, 18);
INSERT INTO Partido(id_partido, fecha, marcador_local, marcador_visitante, lugar, id_torneo, id_equipo_local, id_equipo_visitante) VALUES(119, '2018-05-01', 3, 0, '', 5, 3, 8);
INSERT INTO Partido(id_partido, fecha, marcador_local, marcador_visitante, lugar, id_torneo, id_equipo_local, id_equipo_visitante) VALUES(120, '2018-05-07', 4, 0, '', 5, 8, 3);
INSERT INTO Partido(id_partido, fecha, marcador_local, marcador_visitante, lugar, id_torneo, id_equipo_local, id_equipo_visitante) VALUES(121, '2018-04-10', 0, 1, '', 5, 1, 3);
INSERT INTO Partido(id_partido, fecha, marcador_local, marcador_visitante, lugar, id_torneo, id_equipo_local, id_equipo_visitante) VALUES(122, '2018-04-16', 3, 0, '', 5, 3, 1);
INSERT INTO Partido(id_partido, fecha, marcador_local, marcador_visitante, lugar, id_torneo, id_equipo_local, id_equipo_visitante) VALUES(123, '2018-04-09', 2, 0, '', 5, 8, 7);
INSERT INTO Partido(id_partido, fecha, marcador_local, marcador_visitante, lugar, id_torneo, id_equipo_local, id_equipo_visitante) VALUES(124, '2018-04-17', 1, 4, '', 5, 7, 8);
INSERT INTO Partido(id_partido, fecha, marcador_local, marcador_visitante, lugar, id_torneo, id_equipo_local, id_equipo_visitante) VALUES(125, '2018-04-09', 1, 0, '', 5, 18, 27);
INSERT INTO Partido(id_partido, fecha, marcador_local, marcador_visitante, lugar, id_torneo, id_equipo_local, id_equipo_visitante) VALUES(126, '2018-04-17', 4, 3, '', 5, 27, 18);
INSERT INTO Partido(id_partido, fecha, marcador_local, marcador_visitante, lugar, id_torneo, id_equipo_local, id_equipo_visitante) VALUES(127, '2018-04-10', 1, 1, '', 5, 36, 15);
INSERT INTO Partido(id_partido, fecha, marcador_local, marcador_visitante, lugar, id_torneo, id_equipo_local, id_equipo_visitante) VALUES(128, '2018-04-16', 1, 2, '', 5, 15, 36);
INSERT INTO Partido(id_partido, fecha, marcador_local, marcador_visitante, lugar, id_torneo, id_equipo_local, id_equipo_visitante) VALUES(129, '2018-02-19', 0, 0, '', 5, 8, 5);
INSERT INTO Partido(id_partido, fecha, marcador_local, marcador_visitante, lugar, id_torneo, id_equipo_local, id_equipo_visitante) VALUES(130, '2018-03-13', 1, 3, '', 5, 5, 8);
INSERT INTO Partido(id_partido, fecha, marcador_local, marcador_visitante, lugar, id_torneo, id_equipo_local, id_equipo_visitante) VALUES(131, '2018-02-13', 1, 2, '', 5, 36, 10);
INSERT INTO Partido(id_partido, fecha, marcador_local, marcador_visitante, lugar, id_torneo, id_equipo_local, id_equipo_visitante) VALUES(132, '2018-03-05', 1, 4, '', 5, 10, 36);
INSERT INTO Partido(id_partido, fecha, marcador_local, marcador_visitante, lugar, id_torneo, id_equipo_local, id_equipo_visitante) VALUES(133, '2018-02-13', 3, 0, '', 5, 18, 26);
INSERT INTO Partido(id_partido, fecha, marcador_local, marcador_visitante, lugar, id_torneo, id_equipo_local, id_equipo_visitante) VALUES(134, '2018-03-05', 0, 1, '', 5, 26, 18);
INSERT INTO Partido(id_partido, fecha, marcador_local, marcador_visitante, lugar, id_torneo, id_equipo_local, id_equipo_visitante) VALUES(135, '2018-02-20', 2, 3, '', 5, 17, 27);
INSERT INTO Partido(id_partido, fecha, marcador_local, marcador_visitante, lugar, id_torneo, id_equipo_local, id_equipo_visitante) VALUES(136, '2018-03-12', 7, 0, '', 5, 27, 17);
INSERT INTO Partido(id_partido, fecha, marcador_local, marcador_visitante, lugar, id_torneo, id_equipo_local, id_equipo_visitante) VALUES(137, '2018-02-12', 2, 1, '', 5, 11, 7);
INSERT INTO Partido(id_partido, fecha, marcador_local, marcador_visitante, lugar, id_torneo, id_equipo_local, id_equipo_visitante) VALUES(138, '2018-03-06', 3, 1, '', 5, 7, 11);
INSERT INTO Partido(id_partido, fecha, marcador_local, marcador_visitante, lugar, id_torneo, id_equipo_local, id_equipo_visitante) VALUES(139, '2018-02-19', 0, 0, '', 5, 12, 3);
INSERT INTO Partido(id_partido, fecha, marcador_local, marcador_visitante, lugar, id_torneo, id_equipo_local, id_equipo_visitante) VALUES(140, '2018-03-13', 5, 1, '', 5, 3, 12);
INSERT INTO Partido(id_partido, fecha, marcador_local, marcador_visitante, lugar, id_torneo, id_equipo_local, id_equipo_visitante) VALUES(141, '2018-02-20', 2, 0, '', 5, 14, 15);
INSERT INTO Partido(id_partido, fecha, marcador_local, marcador_visitante, lugar, id_torneo, id_equipo_local, id_equipo_visitante) VALUES(142, '2018-03-12', 3, 0, '', 5, 15, 14);
INSERT INTO Partido(id_partido, fecha, marcador_local, marcador_visitante, lugar, id_torneo, id_equipo_local, id_equipo_visitante) VALUES(143, '2018-02-12', 0, 2, '', 5, 1, 24);
INSERT INTO Partido(id_partido, fecha, marcador_local, marcador_visitante, lugar, id_torneo, id_equipo_local, id_equipo_visitante) VALUES(144, '2018-03-06', 1, 3, '', 5, 24, 1);
INSERT INTO Partido(id_partido, fecha, marcador_local, marcador_visitante, lugar, id_torneo, id_equipo_local, id_equipo_visitante) VALUES(145, '2019-06-01', 2, 0, '', 5, 8, 18);
